{
  "split0_test_score": [
    30198.696214869007,
    30330.44071744835,
    30436.463670697427,
    30521.314754347914,
    30588.626155102378,
    30641.31216805306,
    30681.723106297817,
    30711.765126681563,
    30732.993655035913,
    30746.68589546845,
    30753.896905849648,
    30755.503098278234,
    30752.236300072273,
    30744.710703505563,
    30733.44435483417,
    30718.876388199467,
    30701.38093738529,
    30681.278453309948,
    30658.844966923778,
    30634.319674581777,
    30607.911110245615
  ],
  "split1_test_score": [
    29449.578509467152,
    29614.567486194304,
    29748.21541546133,
    29856.124390490157,
    29942.787396780022,
    30011.82195641366,
    30066.14882730048,
    30108.131592014845,
    30139.68791860176,
    30162.379585852043,
    30177.48567871021,
    30186.061602184527,
    30188.985719589622,
    30186.995295446246,
    30180.71362286944,
    30170.670361518904,
    30157.317015788245,
    30141.03914876237,
    30122.166464434253,
    30100.98142963267,
    30077.726752465896
  ],
  "split2_test_score": [
    29155.30759874852,
    29264.111486402868,
    29350.76782448286,
    29419.22631149043,
    29472.63313621,
    29513.509600559468,
    29543.886715836456,
    29565.40827091039,
    29579.411010742573,
    29586.987768313913,
    29589.037497309673,
    29586.304919621594,
    29579.411730693384,
    29568.880882132864,
    29555.155277938247,
    29538.61212920112,
    29519.57408087652,
    29498.31801389431,
    29475.082181071775,
    29450.072118515913,
    29423.465617886945
  ],
  "split3_test_score": [
    26422.348178083455,
    26629.254070483854,
    26798.251308497784,
    26936.080329442717,
    27048.14189178634,
    27138.788704332215,
    27211.54604700656,
    27269.28195052428,
    27314.34034510796,
    27348.645837437114,
    27373.78615856336,
    27391.077017684263,
    27401.613295613875,
    27406.30978699991,
    27405.933959995302,
    27401.132514760968,
    27392.452977669876,
    27380.361210912142,
    27365.25552936976,
    27347.478033437837,
    27327.32371455741
  ],
  "split4_test_score": [
    28984.455589925557,
    29078.326434890558,
    29152.145354267122,
    29209.459986119575,
    29253.1165924378,
    29285.41252724155,
    29308.210451788138,
    29323.025296740503,
    29331.09150704809,
    29333.4161708423,
    29330.822094109295,
    29323.983424486352,
    29313.455247242346,
    29299.69787927236,
    29283.096359873896,
    29263.975694251367,
    29242.612532991356,
    29219.24403191261,
    29194.074596656625,
    29167.28110584341,
    29139.01707232233
  ],
  "split5_test_score": [
    29226.539221483552,
    29363.736826214077,
    29476.608768975384,
    29569.607842086756,
    29646.28049470817,
    29709.469986839867,
    29761.470576519976,
    29804.144358849204,
    29839.009850150054,
    29867.30953450418,
    29890.062152936996,
    29908.104237167252,
    29922.124041204785,
    29932.689725453132,
    29940.27271925172,
    29945.266754173754,
    29948.002986019466,
    29948.76170817603,
    29947.781269063875,
    29945.264875057022,
    29941.3859514236
  ],
  "split6_test_score": [
    -Infinity,
    -Infinity,
    -Infinity,
    28780.665220834962,
    28938.094204921097,
    29070.764060661473,
    29182.78331507047,
    29277.494541182255,
    29357.62911311478,
    29425.428863248664,
    29482.742444720403,
    29531.10201009125,
    29571.784237962424,
    29605.858762155967,
    29634.226429484534,
    29657.649400816787,
    29676.77484369493,
    29692.153750226185,
    29704.25615860412,
    29713.48373719567,
    29720.18036507155
  ],
  "split7_test_score": [
    28611.32099134603,
    28736.861549452784,
    28839.979948553948,
    28924.875236723838,
    28994.8737347938,
    29052.62198280356,
    29100.234743935052,
    29139.408096692463,
    29171.507073678484,
    29197.63497658836,
    29218.688713383955,
    29235.40272563569,
    29248.3833922835,
    29258.135617733016,
    29265.083197614214,
    29269.584392096214,
    29271.943928281715,
    29272.42239597081,
    29271.243721260675,
    29268.601171763785,
    29264.66220917789
  ],
  "split8_test_score": [
    29562.29574725063,
    29646.831720988717,
    29715.501143242418,
    29771.25122112001,
    29816.41732599982,
    29852.861208223836,
    29882.07436397705,
    29905.256767587933,
    29923.378218687554,
    29937.22675184495,
    29947.446831033492,
    29954.569302393935,
    29959.034735053978,
    29961.21149437959,
    29961.409628527035,
    29959.89146023855,
    29956.879663139593,
    29952.56351510401,
    29947.10390990416,
    29940.637558766255,
    29933.280649059085
  ],
  "split9_test_score": [
    28849.510165631105,
    29022.749251707093,
    29165.9534831221,
    29284.582487252686,
    29383.011517559724,
    29464.759776274863,
    29532.665919210725,
    29589.0248533146,
    29635.696088293913,
    29674.19077735135,
    29705.74226791009,
    29731.363292697893,
    29751.891823019156,
    29768.027110220428,
    29780.357400469202,
    29789.38091856268,
    29795.52174662506,
    29799.142093956125,
    29800.552166552974,
    29800.01843713176,
    29797.77069577584
  ],
  "mean_test_score": [
    -Infinity,
    -Infinity,
    -Infinity,
    29227.319847288352,
    29308.39897666036,
    29374.13259855278,
    29427.07448289142,
    29469.293839578633,
    29502.47391186012,
    29527.98973035532,
    29546.96986898148,
    29560.345637179806,
    29568.890204866297,
    29573.249555148905,
    29573.96679935516,
    29571.501178207753,
    29566.24291806249,
    29558.524946233658,
    29548.632274616863,
    29536.809653534056,
    29523.267911034916
  ],
  "std_test_score": [
    NaN,
    NaN,
    NaN,
    898.0093889751647,
    882.8164011880879,
    870.7402797308154,
    861.1378175752919,
    853.5135823600716,
    847.485016969413,
    842.7558347497308,
    839.0958594026175,
    836.3258238925407,
    834.305895392761,
    832.9269186550871,
    832.1036162294816,
    831.7692285833,
    831.8712739065172,
    832.3682301545348,
    833.2269950578154,
    834.4209879468457,
    835.9287514246507
  ],
  "rank_test_score": [
    19,
    19,
    19,
    18,
    17,
    16,
    15,
    14,
    13,
    11,
    9,
    6,
    4,
    2,
    1,
    3,
    5,
    7,
    8,
    10,
    12
  ],
  "split0_train_score": [
    301345.28997027024,
    299778.2050402462,
    298362.184292368,
    297077.25672430696,
    295906.41327823716,
    294835.12516984605,
    293850.9396764925,
    292943.1434072154,
    292102.4834603614,
    291320.938090415,
    290591.529336485,
    289908.17068413773,
    289265.54348707036,
    288658.99627870054,
    288084.4612018633,
    287538.3821340193,
    287017.6502567648,
    286519.5447325304,
    286041.67811893293,
    285581.9474266032,
    285138.4919767462
  ],
  "split1_train_score": [
    302181.77118285705,
    300599.7540455191,
    299171.42561601615,
    297876.37182219414,
    296697.2233856199,
    295619.1639261372,
    294629.51028144115,
    293717.36146834237,
    292873.3095516052,
    292089.2032086016,
    291357.9549428818,
    290673.38436544564,
    290030.09112391644,
    289423.3514978637,
    288849.0328189072,
    288303.520343077,
    287783.6523702806,
    287286.66112726956,
    286810.1186628882,
    286351.888191545,
    285910.08169885183
  ],
  "split2_train_score": [
    302410.64807287406,
    300857.59502559854,
    299453.7750878331,
    298179.41062572744,
    297017.7096241395,
    295954.35605910764,
    294977.08702987316,
    294075.34884106636,
    293240.01865193964,
    292463.17855327646,
    291737.9320922976,
    291058.255769236,
    290418.87900578295,
    289815.1863480203,
    289243.1359930033,
    288699.1895567909,
    288180.2494240844,
    287683.60168982035,
    287206.86412962375,
    286747.93955294765,
    286304.97523362254
  ],